case_type,count,ratio,avg_viral_index,viral_lag1
surge,315,2.211146988628387,-0.7957164631751074,35.68430317534363
drop,473,3.3202302400673873,34.62935551907976,41.73740212751272
normal,13458,94.46862277130423,13.096209283749683,9.989393239754463
new_entry,952,,19.86052150012949,
